ID,bio_01,bio_02,bio_03,bio_04,bio_05,bio_06,bio_07,bio_08,bio_09,bio_10,bio_11,bio_12,bio_13,bio_14,bio_15,bio_16,bio_17,bio_18,bio_19
1,11.050000190734863,9.25,66.54676055908203,128.55844116210938,18.600000381469727,4.699999809265137,13.90000057220459,11,10.5,12.766666412353516,9.516666412353516,1283,233,18,81.92875671386719,658,60,341,117
2,11.050000190734863,9.25,66.54676055908203,128.55844116210938,18.600000381469727,4.699999809265137,13.90000057220459,11,10.5,12.766666412353516,9.516666412353516,1283,233,18,81.92875671386719,658,60,341,117
3,11.050000190734863,9.25,66.54676055908203,128.55844116210938,18.600000381469727,4.699999809265137,13.90000057220459,11,10.5,12.766666412353516,9.516666412353516,1283,233,18,81.92875671386719,658,60,341,117
4,11.050000190734863,9.25,66.54676055908203,128.55844116210938,18.600000381469727,4.699999809265137,13.90000057220459,11,10.5,12.766666412353516,9.516666412353516,1283,233,18,81.92875671386719,658,60,341,117
5,11.050000190734863,9.25,66.54676055908203,128.55844116210938,18.600000381469727,4.699999809265137,13.90000057220459,11,10.5,12.766666412353516,9.516666412353516,1283,233,18,81.92875671386719,658,60,341,117
6,11.050000190734863,9.25,66.54676055908203,128.55844116210938,18.600000381469727,4.699999809265137,13.90000057220459,11,10.5,12.766666412353516,9.516666412353516,1283,233,18,81.92875671386719,658,60,341,117
7,11.050000190734863,9.25,66.54676055908203,128.55844116210938,18.600000381469727,4.699999809265137,13.90000057220459,11,10.5,12.766666412353516,9.516666412353516,1283,233,18,81.92875671386719,658,60,341,117
8,11.050000190734863,9.25,66.54676055908203,128.55844116210938,18.600000381469727,4.699999809265137,13.90000057220459,11,10.5,12.766666412353516,9.516666412353516,1283,233,18,81.92875671386719,658,60,341,117
9,11.050000190734863,9.25,66.54676055908203,128.55844116210938,18.600000381469727,4.699999809265137,13.90000057220459,11,10.5,12.766666412353516,9.516666412353516,1283,233,18,81.92875671386719,658,60,341,117
10,11.050000190734863,9.25,66.54676055908203,128.55844116210938,18.600000381469727,4.699999809265137,13.90000057220459,11,10.5,12.766666412353516,9.516666412353516,1283,233,18,81.92875671386719,658,60,341,117
11,11.050000190734863,9.25,66.54676055908203,128.55844116210938,18.600000381469727,4.699999809265137,13.90000057220459,11,10.5,12.766666412353516,9.516666412353516,1283,233,18,81.92875671386719,658,60,341,117
12,11.050000190734863,9.25,66.54676055908203,128.55844116210938,18.600000381469727,4.699999809265137,13.90000057220459,11,10.5,12.766666412353516,9.516666412353516,1283,233,18,81.92875671386719,658,60,341,117
13,11.050000190734863,9.25,66.54676055908203,128.55844116210938,18.600000381469727,4.699999809265137,13.90000057220459,11,10.5,12.766666412353516,9.516666412353516,1283,233,18,81.92875671386719,658,60,341,117
14,11.050000190734863,9.25,66.54676055908203,128.55844116210938,18.600000381469727,4.699999809265137,13.90000057220459,11,10.5,12.766666412353516,9.516666412353516,1283,233,18,81.92875671386719,658,60,341,117
15,11.050000190734863,9.25,66.54676055908203,128.55844116210938,18.600000381469727,4.699999809265137,13.90000057220459,11,10.5,12.766666412353516,9.516666412353516,1283,233,18,81.92875671386719,658,60,341,117
16,11.050000190734863,9.25,66.54676055908203,128.55844116210938,18.600000381469727,4.699999809265137,13.90000057220459,11,10.5,12.766666412353516,9.516666412353516,1283,233,18,81.92875671386719,658,60,341,117
17,11.050000190734863,9.25,66.54676055908203,128.55844116210938,18.600000381469727,4.699999809265137,13.90000057220459,11,10.5,12.766666412353516,9.516666412353516,1283,233,18,81.92875671386719,658,60,341,117
18,11.050000190734863,9.25,66.54676055908203,128.55844116210938,18.600000381469727,4.699999809265137,13.90000057220459,11,10.5,12.766666412353516,9.516666412353516,1283,233,18,81.92875671386719,658,60,341,117
19,11.050000190734863,9.25,66.54676055908203,128.55844116210938,18.600000381469727,4.699999809265137,13.90000057220459,11,10.5,12.766666412353516,9.516666412353516,1283,233,18,81.92875671386719,658,60,341,117
20,11.050000190734863,9.25,66.54676055908203,128.55844116210938,18.600000381469727,4.699999809265137,13.90000057220459,11,10.5,12.766666412353516,9.516666412353516,1283,233,18,81.92875671386719,658,60,341,117
21,11.050000190734863,9.25,66.54676055908203,128.55844116210938,18.600000381469727,4.699999809265137,13.90000057220459,11,10.5,12.766666412353516,9.516666412353516,1283,233,18,81.92875671386719,658,60,341,117
22,11.050000190734863,9.25,66.54676055908203,128.55844116210938,18.600000381469727,4.699999809265137,13.90000057220459,11,10.5,12.766666412353516,9.516666412353516,1283,233,18,81.92875671386719,658,60,341,117
23,11.050000190734863,9.25,66.54676055908203,128.55844116210938,18.600000381469727,4.699999809265137,13.90000057220459,11,10.5,12.766666412353516,9.516666412353516,1283,233,18,81.92875671386719,658,60,341,117
24,11.050000190734863,9.25,66.54676055908203,128.55844116210938,18.600000381469727,4.699999809265137,13.90000057220459,11,10.5,12.766666412353516,9.516666412353516,1283,233,18,81.92875671386719,658,60,341,117
25,11.050000190734863,9.25,66.54676055908203,128.55844116210938,18.600000381469727,4.699999809265137,13.90000057220459,11,10.5,12.766666412353516,9.516666412353516,1283,233,18,81.92875671386719,658,60,341,117
26,11.050000190734863,9.25,66.54676055908203,128.55844116210938,18.600000381469727,4.699999809265137,13.90000057220459,11,10.5,12.766666412353516,9.516666412353516,1283,233,18,81.92875671386719,658,60,341,117
28,11.050000190734863,9.25,66.54676055908203,128.55844116210938,18.600000381469727,4.699999809265137,13.90000057220459,11,10.5,12.766666412353516,9.516666412353516,1283,233,18,81.92875671386719,658,60,341,117
29,11.050000190734863,9.25,66.54676055908203,128.55844116210938,18.600000381469727,4.699999809265137,13.90000057220459,11,10.5,12.766666412353516,9.516666412353516,1283,233,18,81.92875671386719,658,60,341,117
30,11.050000190734863,9.25,66.54676055908203,128.55844116210938,18.600000381469727,4.699999809265137,13.90000057220459,11,10.5,12.766666412353516,9.516666412353516,1283,233,18,81.92875671386719,658,60,341,117
31,11.050000190734863,9.25,66.54676055908203,128.55844116210938,18.600000381469727,4.699999809265137,13.90000057220459,11,10.5,12.766666412353516,9.516666412353516,1283,233,18,81.92875671386719,658,60,341,117
32,23.53333282470703,14.983333587646484,64.8629150390625,223.76258850097656,35,11.899999618530273,23.100000381469727,24.183332443237305,20.683334350585938,26.299999237060547,20.683334350585938,1073,208,16,89.449798583984375,587,50,299,50
33,11.050000190734863,9.25,66.54676055908203,128.55844116210938,18.600000381469727,4.699999809265137,13.90000057220459,11,10.5,12.766666412353516,9.516666412353516,1283,233,18,81.92875671386719,658,60,341,117
34,11.050000190734863,9.25,66.54676055908203,128.55844116210938,18.600000381469727,4.699999809265137,13.90000057220459,11,10.5,12.766666412353516,9.516666412353516,1283,233,18,81.92875671386719,658,60,341,117
35,11.149999618530273,9.283332824707031,66.30952453613281,130.08737182617188,18.799999237060547,4.800000190734863,13.999999046325684,11.066666603088379,10.600000381469727,12.899999618530273,9.616666793823242,1284,232,19,81.73552703857422,658,62,340,118
36,11.445833206176758,9.391666412353516,66.13849639892578,132.9979248046875,19.200000762939453,5,14.200000762939453,11.383333206176758,10.899999618530273,13.216667175292969,9.866666793823242,1276,232,18,82.75715637207031,659,58,335,115
37,11.445833206176758,9.391666412353516,66.13849639892578,132.9979248046875,19.200000762939453,5,14.200000762939453,11.383333206176758,10.899999618530273,13.216667175292969,9.866666793823242,1276,232,18,82.75715637207031,659,58,335,115
38,11.445833206176758,9.391666412353516,66.13849639892578,132.9979248046875,19.200000762939453,5,14.200000762939453,11.383333206176758,10.899999618530273,13.216667175292969,9.866666793823242,1276,232,18,82.75715637207031,659,58,335,115
39,11.445833206176758,9.391666412353516,66.13849639892578,132.9979248046875,19.200000762939453,5,14.200000762939453,11.383333206176758,10.899999618530273,13.216667175292969,9.866666793823242,1276,232,18,82.75715637207031,659,58,335,115
40,11.445833206176758,9.391666412353516,66.13849639892578,132.9979248046875,19.200000762939453,5,14.200000762939453,11.383333206176758,10.899999618530273,13.216667175292969,9.866666793823242,1276,232,18,82.75715637207031,659,58,335,115
41,11.445833206176758,9.391666412353516,66.13849639892578,132.9979248046875,19.200000762939453,5,14.200000762939453,11.383333206176758,10.899999618530273,13.216667175292969,9.866666793823242,1276,232,18,82.75715637207031,659,58,335,115
42,11.445833206176758,9.391666412353516,66.13849639892578,132.9979248046875,19.200000762939453,5,14.200000762939453,11.383333206176758,10.899999618530273,13.216667175292969,9.866666793823242,1276,232,18,82.75715637207031,659,58,335,115
43,11.445833206176758,9.391666412353516,66.13849639892578,132.9979248046875,19.200000762939453,5,14.200000762939453,11.383333206176758,10.899999618530273,13.216667175292969,9.866666793823242,1276,232,18,82.75715637207031,659,58,335,115
44,11.445833206176758,9.391666412353516,66.13849639892578,132.9979248046875,19.200000762939453,5,14.200000762939453,11.383333206176758,10.899999618530273,13.216667175292969,9.866666793823242,1276,232,18,82.75715637207031,659,58,335,115
45,11.445833206176758,9.391666412353516,66.13849639892578,132.9979248046875,19.200000762939453,5,14.200000762939453,11.383333206176758,10.899999618530273,13.216667175292969,9.866666793823242,1276,232,18,82.75715637207031,659,58,335,115
46,11.445833206176758,9.391666412353516,66.13849639892578,132.9979248046875,19.200000762939453,5,14.200000762939453,11.383333206176758,10.899999618530273,13.216667175292969,9.866666793823242,1276,232,18,82.75715637207031,659,58,335,115
47,11.445833206176758,9.391666412353516,66.13849639892578,132.9979248046875,19.200000762939453,5,14.200000762939453,11.383333206176758,10.899999618530273,13.216667175292969,9.866666793823242,1276,232,18,82.75715637207031,659,58,335,115
48,11.445833206176758,9.391666412353516,66.13849639892578,132.9979248046875,19.200000762939453,5,14.200000762939453,11.383333206176758,10.899999618530273,13.216667175292969,9.866666793823242,1276,232,18,82.75715637207031,659,58,335,115
49,11.445833206176758,9.391666412353516,66.13849639892578,132.9979248046875,19.200000762939453,5,14.200000762939453,11.383333206176758,10.899999618530273,13.216667175292969,9.866666793823242,1276,232,18,82.75715637207031,659,58,335,115
50,11.445833206176758,9.391666412353516,66.13849639892578,132.9979248046875,19.200000762939453,5,14.200000762939453,11.383333206176758,10.899999618530273,13.216667175292969,9.866666793823242,1276,232,18,82.75715637207031,659,58,335,115
51,11.445833206176758,9.391666412353516,66.13849639892578,132.9979248046875,19.200000762939453,5,14.200000762939453,11.383333206176758,10.899999618530273,13.216667175292969,9.866666793823242,1276,232,18,82.75715637207031,659,58,335,115
52,11.445833206176758,9.391666412353516,66.13849639892578,132.9979248046875,19.200000762939453,5,14.200000762939453,11.383333206176758,10.899999618530273,13.216667175292969,9.866666793823242,1276,232,18,82.75715637207031,659,58,335,115
53,11.445833206176758,9.391666412353516,66.13849639892578,132.9979248046875,19.200000762939453,5,14.200000762939453,11.383333206176758,10.899999618530273,13.216667175292969,9.866666793823242,1276,232,18,82.75715637207031,659,58,335,115
54,11.445833206176758,9.391666412353516,66.13849639892578,132.9979248046875,19.200000762939453,5,14.200000762939453,11.383333206176758,10.899999618530273,13.216667175292969,9.866666793823242,1276,232,18,82.75715637207031,659,58,335,115
55,11.445833206176758,9.391666412353516,66.13849639892578,132.9979248046875,19.200000762939453,5,14.200000762939453,11.383333206176758,10.899999618530273,13.216667175292969,9.866666793823242,1276,232,18,82.75715637207031,659,58,335,115
56,11.445833206176758,9.391666412353516,66.13849639892578,132.9979248046875,19.200000762939453,5,14.200000762939453,11.383333206176758,10.899999618530273,13.216667175292969,9.866666793823242,1276,232,18,82.75715637207031,659,58,335,115
57,11.445833206176758,9.391666412353516,66.13849639892578,132.9979248046875,19.200000762939453,5,14.200000762939453,11.383333206176758,10.899999618530273,13.216667175292969,9.866666793823242,1276,232,18,82.75715637207031,659,58,335,115
58,11.445833206176758,9.391666412353516,66.13849639892578,132.9979248046875,19.200000762939453,5,14.200000762939453,11.383333206176758,10.899999618530273,13.216667175292969,9.866666793823242,1276,232,18,82.75715637207031,659,58,335,115
59,11.445833206176758,9.391666412353516,66.13849639892578,132.9979248046875,19.200000762939453,5,14.200000762939453,11.383333206176758,10.899999618530273,13.216667175292969,9.866666793823242,1276,232,18,82.75715637207031,659,58,335,115
60,11.445833206176758,9.391666412353516,66.13849639892578,132.9979248046875,19.200000762939453,5,14.200000762939453,11.383333206176758,10.899999618530273,13.216667175292969,9.866666793823242,1276,232,18,82.75715637207031,659,58,335,115
61,11.445833206176758,9.391666412353516,66.13849639892578,132.9979248046875,19.200000762939453,5,14.200000762939453,11.383333206176758,10.899999618530273,13.216667175292969,9.866666793823242,1276,232,18,82.75715637207031,659,58,335,115
62,11.445833206176758,9.391666412353516,66.13849639892578,132.9979248046875,19.200000762939453,5,14.200000762939453,11.383333206176758,10.899999618530273,13.216667175292969,9.866666793823242,1276,232,18,82.75715637207031,659,58,335,115
63,11.445833206176758,9.391666412353516,66.13849639892578,132.9979248046875,19.200000762939453,5,14.200000762939453,11.383333206176758,10.899999618530273,13.216667175292969,9.866666793823242,1276,232,18,82.75715637207031,659,58,335,115
64,11.445833206176758,9.391666412353516,66.13849639892578,132.9979248046875,19.200000762939453,5,14.200000762939453,11.383333206176758,10.899999618530273,13.216667175292969,9.866666793823242,1276,232,18,82.75715637207031,659,58,335,115
65,11.445833206176758,9.391666412353516,66.13849639892578,132.9979248046875,19.200000762939453,5,14.200000762939453,11.383333206176758,10.899999618530273,13.216667175292969,9.866666793823242,1276,232,18,82.75715637207031,659,58,335,115
66,11.445833206176758,9.391666412353516,66.13849639892578,132.9979248046875,19.200000762939453,5,14.200000762939453,11.383333206176758,10.899999618530273,13.216667175292969,9.866666793823242,1276,232,18,82.75715637207031,659,58,335,115
67,11.445833206176758,9.391666412353516,66.13849639892578,132.9979248046875,19.200000762939453,5,14.200000762939453,11.383333206176758,10.899999618530273,13.216667175292969,9.866666793823242,1276,232,18,82.75715637207031,659,58,335,115
68,11.445833206176758,9.391666412353516,66.13849639892578,132.9979248046875,19.200000762939453,5,14.200000762939453,11.383333206176758,10.899999618530273,13.216667175292969,9.866666793823242,1276,232,18,82.75715637207031,659,58,335,115
69,11.445833206176758,9.391666412353516,66.13849639892578,132.9979248046875,19.200000762939453,5,14.200000762939453,11.383333206176758,10.899999618530273,13.216667175292969,9.866666793823242,1276,232,18,82.75715637207031,659,58,335,115
70,11.445833206176758,9.391666412353516,66.13849639892578,132.9979248046875,19.200000762939453,5,14.200000762939453,11.383333206176758,10.899999618530273,13.216667175292969,9.866666793823242,1276,232,18,82.75715637207031,659,58,335,115
71,11.445833206176758,9.391666412353516,66.13849639892578,132.9979248046875,19.200000762939453,5,14.200000762939453,11.383333206176758,10.899999618530273,13.216667175292969,9.866666793823242,1276,232,18,82.75715637207031,659,58,335,115
72,11.445833206176758,9.391666412353516,66.13849639892578,132.9979248046875,19.200000762939453,5,14.200000762939453,11.383333206176758,10.899999618530273,13.216667175292969,9.866666793823242,1276,232,18,82.75715637207031,659,58,335,115
73,11.445833206176758,9.391666412353516,66.13849639892578,132.9979248046875,19.200000762939453,5,14.200000762939453,11.383333206176758,10.899999618530273,13.216667175292969,9.866666793823242,1276,232,18,82.75715637207031,659,58,335,115
74,11.445833206176758,9.391666412353516,66.13849639892578,132.9979248046875,19.200000762939453,5,14.200000762939453,11.383333206176758,10.899999618530273,13.216667175292969,9.866666793823242,1276,232,18,82.75715637207031,659,58,335,115
75,11.445833206176758,9.391666412353516,66.13849639892578,132.9979248046875,19.200000762939453,5,14.200000762939453,11.383333206176758,10.899999618530273,13.216667175292969,9.866666793823242,1276,232,18,82.75715637207031,659,58,335,115
76,11.445833206176758,9.391666412353516,66.13849639892578,132.9979248046875,19.200000762939453,5,14.200000762939453,11.383333206176758,10.899999618530273,13.216667175292969,9.866666793823242,1276,232,18,82.75715637207031,659,58,335,115
77,11.445833206176758,9.391666412353516,66.13849639892578,132.9979248046875,19.200000762939453,5,14.200000762939453,11.383333206176758,10.899999618530273,13.216667175292969,9.866666793823242,1276,232,18,82.75715637207031,659,58,335,115
78,11.445833206176758,9.391666412353516,66.13849639892578,132.9979248046875,19.200000762939453,5,14.200000762939453,11.383333206176758,10.899999618530273,13.216667175292969,9.866666793823242,1276,232,18,82.75715637207031,659,58,335,115
79,11.445833206176758,9.391666412353516,66.13849639892578,132.9979248046875,19.200000762939453,5,14.200000762939453,11.383333206176758,10.899999618530273,13.216667175292969,9.866666793823242,1276,232,18,82.75715637207031,659,58,335,115
80,11.445833206176758,9.391666412353516,66.13849639892578,132.9979248046875,19.200000762939453,5,14.200000762939453,11.383333206176758,10.899999618530273,13.216667175292969,9.866666793823242,1276,232,18,82.75715637207031,659,58,335,115
81,11.445833206176758,9.391666412353516,66.13849639892578,132.9979248046875,19.200000762939453,5,14.200000762939453,11.383333206176758,10.899999618530273,13.216667175292969,9.866666793823242,1276,232,18,82.75715637207031,659,58,335,115
82,11.445833206176758,9.391666412353516,66.13849639892578,132.9979248046875,19.200000762939453,5,14.200000762939453,11.383333206176758,10.899999618530273,13.216667175292969,9.866666793823242,1276,232,18,82.75715637207031,659,58,335,115
83,11.445833206176758,9.391666412353516,66.13849639892578,132.9979248046875,19.200000762939453,5,14.200000762939453,11.383333206176758,10.899999618530273,13.216667175292969,9.866666793823242,1276,232,18,82.75715637207031,659,58,335,115
84,11.445833206176758,9.391666412353516,66.13849639892578,132.9979248046875,19.200000762939453,5,14.200000762939453,11.383333206176758,10.899999618530273,13.216667175292969,9.866666793823242,1276,232,18,82.75715637207031,659,58,335,115
85,11.445833206176758,9.391666412353516,66.13849639892578,132.9979248046875,19.200000762939453,5,14.200000762939453,11.383333206176758,10.899999618530273,13.216667175292969,9.866666793823242,1276,232,18,82.75715637207031,659,58,335,115
86,11.445833206176758,9.391666412353516,66.13849639892578,132.9979248046875,19.200000762939453,5,14.200000762939453,11.383333206176758,10.899999618530273,13.216667175292969,9.866666793823242,1276,232,18,82.75715637207031,659,58,335,115
87,11.445833206176758,9.391666412353516,66.13849639892578,132.9979248046875,19.200000762939453,5,14.200000762939453,11.383333206176758,10.899999618530273,13.216667175292969,9.866666793823242,1276,232,18,82.75715637207031,659,58,335,115
88,11.445833206176758,9.391666412353516,66.13849639892578,132.9979248046875,19.200000762939453,5,14.200000762939453,11.383333206176758,10.899999618530273,13.216667175292969,9.866666793823242,1276,232,18,82.75715637207031,659,58,335,115
89,11.445833206176758,9.391666412353516,66.13849639892578,132.9979248046875,19.200000762939453,5,14.200000762939453,11.383333206176758,10.899999618530273,13.216667175292969,9.866666793823242,1276,232,18,82.75715637207031,659,58,335,115
90,11.445833206176758,9.391666412353516,66.13849639892578,132.9979248046875,19.200000762939453,5,14.200000762939453,11.383333206176758,10.899999618530273,13.216667175292969,9.866666793823242,1276,232,18,82.75715637207031,659,58,335,115
91,11.445833206176758,9.391666412353516,66.13849639892578,132.9979248046875,19.200000762939453,5,14.200000762939453,11.383333206176758,10.899999618530273,13.216667175292969,9.866666793823242,1276,232,18,82.75715637207031,659,58,335,115
92,11.445833206176758,9.391666412353516,66.13849639892578,132.9979248046875,19.200000762939453,5,14.200000762939453,11.383333206176758,10.899999618530273,13.216667175292969,9.866666793823242,1276,232,18,82.75715637207031,659,58,335,115
93,11.445833206176758,9.391666412353516,66.13849639892578,132.9979248046875,19.200000762939453,5,14.200000762939453,11.383333206176758,10.899999618530273,13.216667175292969,9.866666793823242,1276,232,18,82.75715637207031,659,58,335,115
94,11.445833206176758,9.391666412353516,66.13849639892578,132.9979248046875,19.200000762939453,5,14.200000762939453,11.383333206176758,10.899999618530273,13.216667175292969,9.866666793823242,1276,232,18,82.75715637207031,659,58,335,115
95,11.445833206176758,9.391666412353516,66.13849639892578,132.9979248046875,19.200000762939453,5,14.200000762939453,11.383333206176758,10.899999618530273,13.216667175292969,9.866666793823242,1276,232,18,82.75715637207031,659,58,335,115
96,11.445833206176758,9.391666412353516,66.13849639892578,132.9979248046875,19.200000762939453,5,14.200000762939453,11.383333206176758,10.899999618530273,13.216667175292969,9.866666793823242,1276,232,18,82.75715637207031,659,58,335,115
97,11.445833206176758,9.391666412353516,66.13849639892578,132.9979248046875,19.200000762939453,5,14.200000762939453,11.383333206176758,10.899999618530273,13.216667175292969,9.866666793823242,1276,232,18,82.75715637207031,659,58,335,115
98,11.445833206176758,9.391666412353516,66.13849639892578,132.9979248046875,19.200000762939453,5,14.200000762939453,11.383333206176758,10.899999618530273,13.216667175292969,9.866666793823242,1276,232,18,82.75715637207031,659,58,335,115
99,11.445833206176758,9.391666412353516,66.13849639892578,132.9979248046875,19.200000762939453,5,14.200000762939453,11.383333206176758,10.899999618530273,13.216667175292969,9.866666793823242,1276,232,18,82.75715637207031,659,58,335,115
100,11.445833206176758,9.391666412353516,66.13849639892578,132.9979248046875,19.200000762939453,5,14.200000762939453,11.383333206176758,10.899999618530273,13.216667175292969,9.866666793823242,1276,232,18,82.75715637207031,659,58,335,115
101,10.787500381469727,8.925000190734863,68.65384674072266,115.91777038574219,17.799999237060547,4.800000190734863,12.999999046325684,10.75,10.300000190734863,12.34999942779541,9.399999618530273,1204,220,16,80.7735824584961,600,56,354,96
102,10.787500381469727,8.925000190734863,68.65384674072266,115.91777038574219,17.799999237060547,4.800000190734863,12.999999046325684,10.75,10.300000190734863,12.34999942779541,9.399999618530273,1204,220,16,80.7735824584961,600,56,354,96
103,10.787500381469727,8.925000190734863,68.65384674072266,115.91777038574219,17.799999237060547,4.800000190734863,12.999999046325684,10.75,10.300000190734863,12.34999942779541,9.399999618530273,1204,220,16,80.7735824584961,600,56,354,96
104,10.787500381469727,8.925000190734863,68.65384674072266,115.91777038574219,17.799999237060547,4.800000190734863,12.999999046325684,10.75,10.300000190734863,12.34999942779541,9.399999618530273,1204,220,16,80.7735824584961,600,56,354,96
105,10.787500381469727,8.925000190734863,68.65384674072266,115.91777038574219,17.799999237060547,4.800000190734863,12.999999046325684,10.75,10.300000190734863,12.34999942779541,9.399999618530273,1204,220,16,80.7735824584961,600,56,354,96
106,10.787500381469727,8.925000190734863,68.65384674072266,115.91777038574219,17.799999237060547,4.800000190734863,12.999999046325684,10.75,10.300000190734863,12.34999942779541,9.399999618530273,1204,220,16,80.7735824584961,600,56,354,96
107,10.787500381469727,8.925000190734863,68.65384674072266,115.91777038574219,17.799999237060547,4.800000190734863,12.999999046325684,10.75,10.300000190734863,12.34999942779541,9.399999618530273,1204,220,16,80.7735824584961,600,56,354,96
108,10.787500381469727,8.925000190734863,68.65384674072266,115.91777038574219,17.799999237060547,4.800000190734863,12.999999046325684,10.75,10.300000190734863,12.34999942779541,9.399999618530273,1204,220,16,80.7735824584961,600,56,354,96
109,10.787500381469727,8.925000190734863,68.65384674072266,115.91777038574219,17.799999237060547,4.800000190734863,12.999999046325684,10.75,10.300000190734863,12.34999942779541,9.399999618530273,1204,220,16,80.7735824584961,600,56,354,96
110,10.787500381469727,8.925000190734863,68.65384674072266,115.91777038574219,17.799999237060547,4.800000190734863,12.999999046325684,10.75,10.300000190734863,12.34999942779541,9.399999618530273,1204,220,16,80.7735824584961,600,56,354,96
111,10.787500381469727,8.925000190734863,68.65384674072266,115.91777038574219,17.799999237060547,4.800000190734863,12.999999046325684,10.75,10.300000190734863,12.34999942779541,9.399999618530273,1204,220,16,80.7735824584961,600,56,354,96
112,10.787500381469727,8.925000190734863,68.65384674072266,115.91777038574219,17.799999237060547,4.800000190734863,12.999999046325684,10.75,10.300000190734863,12.34999942779541,9.399999618530273,1204,220,16,80.7735824584961,600,56,354,96
113,10.787500381469727,8.925000190734863,68.65384674072266,115.91777038574219,17.799999237060547,4.800000190734863,12.999999046325684,10.75,10.300000190734863,12.34999942779541,9.399999618530273,1204,220,16,80.7735824584961,600,56,354,96
114,10.787500381469727,8.925000190734863,68.65384674072266,115.91777038574219,17.799999237060547,4.800000190734863,12.999999046325684,10.75,10.300000190734863,12.34999942779541,9.399999618530273,1204,220,16,80.7735824584961,600,56,354,96
115,10.787500381469727,8.925000190734863,68.65384674072266,115.91777038574219,17.799999237060547,4.800000190734863,12.999999046325684,10.75,10.300000190734863,12.34999942779541,9.399999618530273,1204,220,16,80.7735824584961,600,56,354,96
116,10.787500381469727,8.925000190734863,68.65384674072266,115.91777038574219,17.799999237060547,4.800000190734863,12.999999046325684,10.75,10.300000190734863,12.34999942779541,9.399999618530273,1204,220,16,80.7735824584961,600,56,354,96
117,10.787500381469727,8.925000190734863,68.65384674072266,115.91777038574219,17.799999237060547,4.800000190734863,12.999999046325684,10.75,10.300000190734863,12.34999942779541,9.399999618530273,1204,220,16,80.7735824584961,600,56,354,96
118,10.787500381469727,8.925000190734863,68.65384674072266,115.91777038574219,17.799999237060547,4.800000190734863,12.999999046325684,10.75,10.300000190734863,12.34999942779541,9.399999618530273,1204,220,16,80.7735824584961,600,56,354,96
119,10.787500381469727,8.925000190734863,68.65384674072266,115.91777038574219,17.799999237060547,4.800000190734863,12.999999046325684,10.75,10.300000190734863,12.34999942779541,9.399999618530273,1204,220,16,80.7735824584961,600,56,354,96
120,10.787500381469727,8.925000190734863,68.65384674072266,115.91777038574219,17.799999237060547,4.800000190734863,12.999999046325684,10.75,10.300000190734863,12.34999942779541,9.399999618530273,1204,220,16,80.7735824584961,600,56,354,96
121,10.787500381469727,8.925000190734863,68.65384674072266,115.91777038574219,17.799999237060547,4.800000190734863,12.999999046325684,10.75,10.300000190734863,12.34999942779541,9.399999618530273,1204,220,16,80.7735824584961,600,56,354,96
122,10.787500381469727,8.925000190734863,68.65384674072266,115.91777038574219,17.799999237060547,4.800000190734863,12.999999046325684,10.75,10.300000190734863,12.34999942779541,9.399999618530273,1204,220,16,80.7735824584961,600,56,354,96
123,10.787500381469727,8.925000190734863,68.65384674072266,115.91777038574219,17.799999237060547,4.800000190734863,12.999999046325684,10.75,10.300000190734863,12.34999942779541,9.399999618530273,1204,220,16,80.7735824584961,600,56,354,96
126,10.787500381469727,8.925000190734863,68.65384674072266,115.91777038574219,17.799999237060547,4.800000190734863,12.999999046325684,10.75,10.300000190734863,12.34999942779541,9.399999618530273,1204,220,16,80.7735824584961,600,56,354,96
127,10.787500381469727,8.925000190734863,68.65384674072266,115.91777038574219,17.799999237060547,4.800000190734863,12.999999046325684,10.75,10.300000190734863,12.34999942779541,9.399999618530273,1204,220,16,80.7735824584961,600,56,354,96
128,10.787500381469727,8.925000190734863,68.65384674072266,115.91777038574219,17.799999237060547,4.800000190734863,12.999999046325684,10.75,10.300000190734863,12.34999942779541,9.399999618530273,1204,220,16,80.7735824584961,600,56,354,96
129,10.787500381469727,8.925000190734863,68.65384674072266,115.91777038574219,17.799999237060547,4.800000190734863,12.999999046325684,10.75,10.300000190734863,12.34999942779541,9.399999618530273,1204,220,16,80.7735824584961,600,56,354,96
130,10.787500381469727,8.925000190734863,68.65384674072266,115.91777038574219,17.799999237060547,4.800000190734863,12.999999046325684,10.75,10.300000190734863,12.34999942779541,9.399999618530273,1204,220,16,80.7735824584961,600,56,354,96
134,10.787500381469727,8.925000190734863,68.65384674072266,115.91777038574219,17.799999237060547,4.800000190734863,12.999999046325684,10.75,10.300000190734863,12.34999942779541,9.399999618530273,1204,220,16,80.7735824584961,600,56,354,96
135,10.787500381469727,8.925000190734863,68.65384674072266,115.91777038574219,17.799999237060547,4.800000190734863,12.999999046325684,10.75,10.300000190734863,12.34999942779541,9.399999618530273,1204,220,16,80.7735824584961,600,56,354,96
136,10.787500381469727,8.925000190734863,68.65384674072266,115.91777038574219,17.799999237060547,4.800000190734863,12.999999046325684,10.75,10.300000190734863,12.34999942779541,9.399999618530273,1204,220,16,80.7735824584961,600,56,354,96
137,10.787500381469727,8.925000190734863,68.65384674072266,115.91777038574219,17.799999237060547,4.800000190734863,12.999999046325684,10.75,10.300000190734863,12.34999942779541,9.399999618530273,1204,220,16,80.7735824584961,600,56,354,96
138,10.787500381469727,8.925000190734863,68.65384674072266,115.91777038574219,17.799999237060547,4.800000190734863,12.999999046325684,10.75,10.300000190734863,12.34999942779541,9.399999618530273,1204,220,16,80.7735824584961,600,56,354,96
139,10.787500381469727,8.925000190734863,68.65384674072266,115.91777038574219,17.799999237060547,4.800000190734863,12.999999046325684,10.75,10.300000190734863,12.34999942779541,9.399999618530273,1204,220,16,80.7735824584961,600,56,354,96
140,10.787500381469727,8.925000190734863,68.65384674072266,115.91777038574219,17.799999237060547,4.800000190734863,12.999999046325684,10.75,10.300000190734863,12.34999942779541,9.399999618530273,1204,220,16,80.7735824584961,600,56,354,96
141,10.787500381469727,8.925000190734863,68.65384674072266,115.91777038574219,17.799999237060547,4.800000190734863,12.999999046325684,10.75,10.300000190734863,12.34999942779541,9.399999618530273,1204,220,16,80.7735824584961,600,56,354,96
142,10.787500381469727,8.925000190734863,68.65384674072266,115.91777038574219,17.799999237060547,4.800000190734863,12.999999046325684,10.75,10.300000190734863,12.34999942779541,9.399999618530273,1204,220,16,80.7735824584961,600,56,354,96
143,10.787500381469727,8.925000190734863,68.65384674072266,115.91777038574219,17.799999237060547,4.800000190734863,12.999999046325684,10.75,10.300000190734863,12.34999942779541,9.399999618530273,1204,220,16,80.7735824584961,600,56,354,96
144,10.787500381469727,8.925000190734863,68.65384674072266,115.91777038574219,17.799999237060547,4.800000190734863,12.999999046325684,10.75,10.300000190734863,12.34999942779541,9.399999618530273,1204,220,16,80.7735824584961,600,56,354,96
145,10.787500381469727,8.925000190734863,68.65384674072266,115.91777038574219,17.799999237060547,4.800000190734863,12.999999046325684,10.75,10.300000190734863,12.34999942779541,9.399999618530273,1204,220,16,80.7735824584961,600,56,354,96
147,10.787500381469727,8.925000190734863,68.65384674072266,115.91777038574219,17.799999237060547,4.800000190734863,12.999999046325684,10.75,10.300000190734863,12.34999942779541,9.399999618530273,1204,220,16,80.7735824584961,600,56,354,96
148,10.787500381469727,8.925000190734863,68.65384674072266,115.91777038574219,17.799999237060547,4.800000190734863,12.999999046325684,10.75,10.300000190734863,12.34999942779541,9.399999618530273,1204,220,16,80.7735824584961,600,56,354,96
149,10.787500381469727,8.925000190734863,68.65384674072266,115.91777038574219,17.799999237060547,4.800000190734863,12.999999046325684,10.75,10.300000190734863,12.34999942779541,9.399999618530273,1204,220,16,80.7735824584961,600,56,354,96
150,10.787500381469727,8.925000190734863,68.65384674072266,115.91777038574219,17.799999237060547,4.800000190734863,12.999999046325684,10.75,10.300000190734863,12.34999942779541,9.399999618530273,1204,220,16,80.7735824584961,600,56,354,96
151,10.787500381469727,8.925000190734863,68.65384674072266,115.91777038574219,17.799999237060547,4.800000190734863,12.999999046325684,10.75,10.300000190734863,12.34999942779541,9.399999618530273,1204,220,16,80.7735824584961,600,56,354,96
152,10.787500381469727,8.925000190734863,68.65384674072266,115.91777038574219,17.799999237060547,4.800000190734863,12.999999046325684,10.75,10.300000190734863,12.34999942779541,9.399999618530273,1204,220,16,80.7735824584961,600,56,354,96
153,10.787500381469727,8.925000190734863,68.65384674072266,115.91777038574219,17.799999237060547,4.800000190734863,12.999999046325684,10.75,10.300000190734863,12.34999942779541,9.399999618530273,1204,220,16,80.7735824584961,600,56,354,96
154,10.787500381469727,8.925000190734863,68.65384674072266,115.91777038574219,17.799999237060547,4.800000190734863,12.999999046325684,10.75,10.300000190734863,12.34999942779541,9.399999618530273,1204,220,16,80.7735824584961,600,56,354,96
155,10.787500381469727,8.925000190734863,68.65384674072266,115.91777038574219,17.799999237060547,4.800000190734863,12.999999046325684,10.75,10.300000190734863,12.34999942779541,9.399999618530273,1204,220,16,80.7735824584961,600,56,354,96
156,10.787500381469727,8.925000190734863,68.65384674072266,115.91777038574219,17.799999237060547,4.800000190734863,12.999999046325684,10.75,10.300000190734863,12.34999942779541,9.399999618530273,1204,220,16,80.7735824584961,600,56,354,96
157,10.787500381469727,8.925000190734863,68.65384674072266,115.91777038574219,17.799999237060547,4.800000190734863,12.999999046325684,10.75,10.300000190734863,12.34999942779541,9.399999618530273,1204,220,16,80.7735824584961,600,56,354,96
159,10.787500381469727,8.925000190734863,68.65384674072266,115.91777038574219,17.799999237060547,4.800000190734863,12.999999046325684,10.75,10.300000190734863,12.34999942779541,9.399999618530273,1204,220,16,80.7735824584961,600,56,354,96
160,10.787500381469727,8.925000190734863,68.65384674072266,115.91777038574219,17.799999237060547,4.800000190734863,12.999999046325684,10.75,10.300000190734863,12.34999942779541,9.399999618530273,1204,220,16,80.7735824584961,600,56,354,96
161,10.787500381469727,8.925000190734863,68.65384674072266,115.91777038574219,17.799999237060547,4.800000190734863,12.999999046325684,10.75,10.300000190734863,12.34999942779541,9.399999618530273,1204,220,16,80.7735824584961,600,56,354,96
162,10.787500381469727,8.925000190734863,68.65384674072266,115.91777038574219,17.799999237060547,4.800000190734863,12.999999046325684,10.75,10.300000190734863,12.34999942779541,9.399999618530273,1204,220,16,80.7735824584961,600,56,354,96
163,10.787500381469727,8.925000190734863,68.65384674072266,115.91777038574219,17.799999237060547,4.800000190734863,12.999999046325684,10.75,10.300000190734863,12.34999942779541,9.399999618530273,1204,220,16,80.7735824584961,600,56,354,96
164,10.787500381469727,8.925000190734863,68.65384674072266,115.91777038574219,17.799999237060547,4.800000190734863,12.999999046325684,10.75,10.300000190734863,12.34999942779541,9.399999618530273,1204,220,16,80.7735824584961,600,56,354,96
165,10.787500381469727,8.925000190734863,68.65384674072266,115.91777038574219,17.799999237060547,4.800000190734863,12.999999046325684,10.75,10.300000190734863,12.34999942779541,9.399999618530273,1204,220,16,80.7735824584961,600,56,354,96
166,10.787500381469727,8.925000190734863,68.65384674072266,115.91777038574219,17.799999237060547,4.800000190734863,12.999999046325684,10.75,10.300000190734863,12.34999942779541,9.399999618530273,1204,220,16,80.7735824584961,600,56,354,96
167,10.787500381469727,8.925000190734863,68.65384674072266,115.91777038574219,17.799999237060547,4.800000190734863,12.999999046325684,10.75,10.300000190734863,12.34999942779541,9.399999618530273,1204,220,16,80.7735824584961,600,56,354,96
168,10.787500381469727,8.925000190734863,68.65384674072266,115.91777038574219,17.799999237060547,4.800000190734863,12.999999046325684,10.75,10.300000190734863,12.34999942779541,9.399999618530273,1204,220,16,80.7735824584961,600,56,354,96
169,10.787500381469727,8.925000190734863,68.65384674072266,115.91777038574219,17.799999237060547,4.800000190734863,12.999999046325684,10.75,10.300000190734863,12.34999942779541,9.399999618530273,1204,220,16,80.7735824584961,600,56,354,96
170,10.787500381469727,8.925000190734863,68.65384674072266,115.91777038574219,17.799999237060547,4.800000190734863,12.999999046325684,10.75,10.300000190734863,12.34999942779541,9.399999618530273,1204,220,16,80.7735824584961,600,56,354,96
171,10.787500381469727,8.925000190734863,68.65384674072266,115.91777038574219,17.799999237060547,4.800000190734863,12.999999046325684,10.75,10.300000190734863,12.34999942779541,9.399999618530273,1204,220,16,80.7735824584961,600,56,354,96
172,10.787500381469727,8.925000190734863,68.65384674072266,115.91777038574219,17.799999237060547,4.800000190734863,12.999999046325684,10.75,10.300000190734863,12.34999942779541,9.399999618530273,1204,220,16,80.7735824584961,600,56,354,96
173,10.787500381469727,8.925000190734863,68.65384674072266,115.91777038574219,17.799999237060547,4.800000190734863,12.999999046325684,10.75,10.300000190734863,12.34999942779541,9.399999618530273,1204,220,16,80.7735824584961,600,56,354,96
174,10.787500381469727,8.925000190734863,68.65384674072266,115.91777038574219,17.799999237060547,4.800000190734863,12.999999046325684,10.75,10.300000190734863,12.34999942779541,9.399999618530273,1204,220,16,80.7735824584961,600,56,354,96
175,10.787500381469727,8.925000190734863,68.65384674072266,115.91777038574219,17.799999237060547,4.800000190734863,12.999999046325684,10.75,10.300000190734863,12.34999942779541,9.399999618530273,1204,220,16,80.7735824584961,600,56,354,96
176,10.787500381469727,8.925000190734863,68.65384674072266,115.91777038574219,17.799999237060547,4.800000190734863,12.999999046325684,10.75,10.300000190734863,12.34999942779541,9.399999618530273,1204,220,16,80.7735824584961,600,56,354,96
177,10.787500381469727,8.925000190734863,68.65384674072266,115.91777038574219,17.799999237060547,4.800000190734863,12.999999046325684,10.75,10.300000190734863,12.34999942779541,9.399999618530273,1204,220,16,80.7735824584961,600,56,354,96
178,10.787500381469727,8.925000190734863,68.65384674072266,115.91777038574219,17.799999237060547,4.800000190734863,12.999999046325684,10.75,10.300000190734863,12.34999942779541,9.399999618530273,1204,220,16,80.7735824584961,600,56,354,96
179,10.787500381469727,8.925000190734863,68.65384674072266,115.91777038574219,17.799999237060547,4.800000190734863,12.999999046325684,10.75,10.300000190734863,12.34999942779541,9.399999618530273,1204,220,16,80.7735824584961,600,56,354,96
180,10.787500381469727,8.925000190734863,68.65384674072266,115.91777038574219,17.799999237060547,4.800000190734863,12.999999046325684,10.75,10.300000190734863,12.34999942779541,9.399999618530273,1204,220,16,80.7735824584961,600,56,354,96
181,10.787500381469727,8.925000190734863,68.65384674072266,115.91777038574219,17.799999237060547,4.800000190734863,12.999999046325684,10.75,10.300000190734863,12.34999942779541,9.399999618530273,1204,220,16,80.7735824584961,600,56,354,96
182,10.787500381469727,8.925000190734863,68.65384674072266,115.91777038574219,17.799999237060547,4.800000190734863,12.999999046325684,10.75,10.300000190734863,12.34999942779541,9.399999618530273,1204,220,16,80.7735824584961,600,56,354,96
183,10.787500381469727,8.925000190734863,68.65384674072266,115.91777038574219,17.799999237060547,4.800000190734863,12.999999046325684,10.75,10.300000190734863,12.34999942779541,9.399999618530273,1204,220,16,80.7735824584961,600,56,354,96
184,10.787500381469727,8.925000190734863,68.65384674072266,115.91777038574219,17.799999237060547,4.800000190734863,12.999999046325684,10.75,10.300000190734863,12.34999942779541,9.399999618530273,1204,220,16,80.7735824584961,600,56,354,96
185,10.787500381469727,8.925000190734863,68.65384674072266,115.91777038574219,17.799999237060547,4.800000190734863,12.999999046325684,10.75,10.300000190734863,12.34999942779541,9.399999618530273,1204,220,16,80.7735824584961,600,56,354,96
186,10.787500381469727,8.925000190734863,68.65384674072266,115.91777038574219,17.799999237060547,4.800000190734863,12.999999046325684,10.75,10.300000190734863,12.34999942779541,9.399999618530273,1204,220,16,80.7735824584961,600,56,354,96
187,10.787500381469727,8.925000190734863,68.65384674072266,115.91777038574219,17.799999237060547,4.800000190734863,12.999999046325684,10.75,10.300000190734863,12.34999942779541,9.399999618530273,1204,220,16,80.7735824584961,600,56,354,96
188,10.787500381469727,8.925000190734863,68.65384674072266,115.91777038574219,17.799999237060547,4.800000190734863,12.999999046325684,10.75,10.300000190734863,12.34999942779541,9.399999618530273,1204,220,16,80.7735824584961,600,56,354,96
189,10.787500381469727,8.925000190734863,68.65384674072266,115.91777038574219,17.799999237060547,4.800000190734863,12.999999046325684,10.75,10.300000190734863,12.34999942779541,9.399999618530273,1204,220,16,80.7735824584961,600,56,354,96
190,10.787500381469727,8.925000190734863,68.65384674072266,115.91777038574219,17.799999237060547,4.800000190734863,12.999999046325684,10.75,10.300000190734863,12.34999942779541,9.399999618530273,1204,220,16,80.7735824584961,600,56,354,96
191,10.787500381469727,8.925000190734863,68.65384674072266,115.91777038574219,17.799999237060547,4.800000190734863,12.999999046325684,10.75,10.300000190734863,12.34999942779541,9.399999618530273,1204,220,16,80.7735824584961,600,56,354,96
192,10.787500381469727,8.925000190734863,68.65384674072266,115.91777038574219,17.799999237060547,4.800000190734863,12.999999046325684,10.75,10.300000190734863,12.34999942779541,9.399999618530273,1204,220,16,80.7735824584961,600,56,354,96
193,10.787500381469727,8.925000190734863,68.65384674072266,115.91777038574219,17.799999237060547,4.800000190734863,12.999999046325684,10.75,10.300000190734863,12.34999942779541,9.399999618530273,1204,220,16,80.7735824584961,600,56,354,96
194,10.787500381469727,8.925000190734863,68.65384674072266,115.91777038574219,17.799999237060547,4.800000190734863,12.999999046325684,10.75,10.300000190734863,12.34999942779541,9.399999618530273,1204,220,16,80.7735824584961,600,56,354,96
195,10.787500381469727,8.925000190734863,68.65384674072266,115.91777038574219,17.799999237060547,4.800000190734863,12.999999046325684,10.75,10.300000190734863,12.34999942779541,9.399999618530273,1204,220,16,80.7735824584961,600,56,354,96
196,10.787500381469727,8.925000190734863,68.65384674072266,115.91777038574219,17.799999237060547,4.800000190734863,12.999999046325684,10.75,10.300000190734863,12.34999942779541,9.399999618530273,1204,220,16,80.7735824584961,600,56,354,96
197,10.787500381469727,8.925000190734863,68.65384674072266,115.91777038574219,17.799999237060547,4.800000190734863,12.999999046325684,10.75,10.300000190734863,12.34999942779541,9.399999618530273,1204,220,16,80.7735824584961,600,56,354,96
198,10.787500381469727,8.925000190734863,68.65384674072266,115.91777038574219,17.799999237060547,4.800000190734863,12.999999046325684,10.75,10.300000190734863,12.34999942779541,9.399999618530273,1204,220,16,80.7735824584961,600,56,354,96
199,10.787500381469727,8.925000190734863,68.65384674072266,115.91777038574219,17.799999237060547,4.800000190734863,12.999999046325684,10.75,10.300000190734863,12.34999942779541,9.399999618530273,1204,220,16,80.7735824584961,600,56,354,96
200,10.787500381469727,8.925000190734863,68.65384674072266,115.91777038574219,17.799999237060547,4.800000190734863,12.999999046325684,10.75,10.300000190734863,12.34999942779541,9.399999618530273,1204,220,16,80.7735824584961,600,56,354,96
201,10.787500381469727,8.925000190734863,68.65384674072266,115.91777038574219,17.799999237060547,4.800000190734863,12.999999046325684,10.75,10.300000190734863,12.34999942779541,9.399999618530273,1204,220,16,80.7735824584961,600,56,354,96
202,10.787500381469727,8.925000190734863,68.65384674072266,115.91777038574219,17.799999237060547,4.800000190734863,12.999999046325684,10.75,10.300000190734863,12.34999942779541,9.399999618530273,1204,220,16,80.7735824584961,600,56,354,96
203,10.787500381469727,8.925000190734863,68.65384674072266,115.91777038574219,17.799999237060547,4.800000190734863,12.999999046325684,10.75,10.300000190734863,12.34999942779541,9.399999618530273,1204,220,16,80.7735824584961,600,56,354,96
204,10.787500381469727,8.925000190734863,68.65384674072266,115.91777038574219,17.799999237060547,4.800000190734863,12.999999046325684,10.75,10.300000190734863,12.34999942779541,9.399999618530273,1204,220,16,80.7735824584961,600,56,354,96
205,10.787500381469727,8.925000190734863,68.65384674072266,115.91777038574219,17.799999237060547,4.800000190734863,12.999999046325684,10.75,10.300000190734863,12.34999942779541,9.399999618530273,1204,220,16,80.7735824584961,600,56,354,96
206,10.787500381469727,8.925000190734863,68.65384674072266,115.91777038574219,17.799999237060547,4.800000190734863,12.999999046325684,10.75,10.300000190734863,12.34999942779541,9.399999618530273,1204,220,16,80.7735824584961,600,56,354,96
207,10.787500381469727,8.925000190734863,68.65384674072266,115.91777038574219,17.799999237060547,4.800000190734863,12.999999046325684,10.75,10.300000190734863,12.34999942779541,9.399999618530273,1204,220,16,80.7735824584961,600,56,354,96
208,10.787500381469727,8.925000190734863,68.65384674072266,115.91777038574219,17.799999237060547,4.800000190734863,12.999999046325684,10.75,10.300000190734863,12.34999942779541,9.399999618530273,1204,220,16,80.7735824584961,600,56,354,96
209,10.787500381469727,8.925000190734863,68.65384674072266,115.91777038574219,17.799999237060547,4.800000190734863,12.999999046325684,10.75,10.300000190734863,12.34999942779541,9.399999618530273,1204,220,16,80.7735824584961,600,56,354,96
210,10.787500381469727,8.925000190734863,68.65384674072266,115.91777038574219,17.799999237060547,4.800000190734863,12.999999046325684,10.75,10.300000190734863,12.34999942779541,9.399999618530273,1204,220,16,80.7735824584961,600,56,354,96
